<?xml version="1.0" encoding="UTF-8" standalone="no"?>
<Configuration>
  <DisplayManager>
    <SystemInitScript dnOrder="0"/>
    <SystemStartScript dnOrder="1"/>
  </DisplayManager>
  <General>
    <HarmonyPath dnOrder="0" path="../../../../microchip/harmony/v2_06"/>
    <Processor dnOrder="1" name="PIC32MZ2048EFM064"/>
    <Board dnOrder="2" name=" "/>
    <ForceOptimization dnOrder="3" flag="true"/>
    <MergeStrategy dnOrder="4" flag="USER_ALL"/>
  </General>
  <Manifest>
    <Files dnOrder="0">
      <File dnOrder="0">
        <Name dnOrder="0">drv_tmr_mapping.h</Name>
        <Path dnOrder="1">Header&amp;#160;Files/framework/driver/tmr</Path>
      </File>
      <File dnOrder="1">
        <Name dnOrder="0">drv_tmr_variant_mapping.h</Name>
        <Path dnOrder="1">Header&amp;#160;Files/framework/driver/tmr/src</Path>
      </File>
      <File dnOrder="2">
        <Name dnOrder="0">driver_common.h</Name>
        <Path dnOrder="1">Header&amp;#160;Files/framework/driver</Path>
      </File>
      <File dnOrder="3">
        <Name dnOrder="0">drv_tmr.h</Name>
        <Path dnOrder="1">Header&amp;#160;Files/framework/driver/tmr</Path>
      </File>
      <File dnOrder="4">
        <Name dnOrder="0">drv_can.h</Name>
        <Path dnOrder="1">Header&amp;#160;Files/framework/driver/can</Path>
      </File>
      <File dnOrder="5">
        <Name dnOrder="0">sys_dma.h</Name>
        <Path dnOrder="1">Header&amp;#160;Files/framework/system/dma</Path>
      </File>
      <File dnOrder="6">
        <Name dnOrder="0">sys_dma_definitions.h</Name>
        <Path dnOrder="1">Header&amp;#160;Files/framework/system/dma</Path>
      </File>
      <File dnOrder="7">
        <Name dnOrder="0">osal.h</Name>
        <Path dnOrder="1">Header&amp;#160;Files/framework/osal</Path>
      </File>
      <File dnOrder="8">
        <Name dnOrder="0">tmr_definitions_pic32m.h</Name>
        <Path dnOrder="1">Header&amp;#160;Files/framework/driver/tmr</Path>
      </File>
      <File dnOrder="9">
        <Name dnOrder="0">sys_ports.h</Name>
        <Path dnOrder="1">Header&amp;#160;Files/framework/system/ports</Path>
      </File>
      <File dnOrder="10">
        <Name dnOrder="0">driver.h</Name>
        <Path dnOrder="1">Header&amp;#160;Files/framework/driver</Path>
      </File>
      <File dnOrder="11">
        <Name dnOrder="0">drv_i2c_compatibility.h</Name>
        <Path dnOrder="1">Header&amp;#160;Files/framework/driver/i2c</Path>
      </File>
      <File dnOrder="12">
        <Name dnOrder="0">sys_common.h</Name>
        <Path dnOrder="1">Header&amp;#160;Files/framework/system/common</Path>
      </File>
      <File dnOrder="13">
        <Name dnOrder="0">sys_buffer.h</Name>
        <Path dnOrder="1">Header&amp;#160;Files/framework/system/common</Path>
      </File>
      <File dnOrder="14">
        <Name dnOrder="0">sys_int_pic32.c</Name>
        <Path dnOrder="1">Source&amp;#160;Files/framework/system/int/src</Path>
      </File>
      <File dnOrder="15">
        <Name dnOrder="0">drv_usart_definitions.h</Name>
        <Path dnOrder="1">Header&amp;#160;Files/framework/driver/usart</Path>
      </File>
      <File dnOrder="16">
        <Name dnOrder="0">sys_clk_compatibility.h</Name>
        <Path dnOrder="1">Header&amp;#160;Files/framework/system/clk</Path>
      </File>
      <File dnOrder="17">
        <Name dnOrder="0">sys_clk.h</Name>
        <Path dnOrder="1">Header&amp;#160;Files/framework/system/clk</Path>
      </File>
      <File dnOrder="18">
        <Name dnOrder="0">sys_ports_definitions.h</Name>
        <Path dnOrder="1">Header&amp;#160;Files/framework/system/ports</Path>
      </File>
      <File dnOrder="19">
        <Name dnOrder="0">osal_impl_basic.h</Name>
        <Path dnOrder="1">Header&amp;#160;Files/framework/osal</Path>
      </File>
      <File dnOrder="20">
        <Name dnOrder="0">drv_i2c_variant_mapping.h</Name>
        <Path dnOrder="1">Header&amp;#160;Files/framework/driver/i2c/src</Path>
      </File>
      <File dnOrder="21">
        <Name dnOrder="0">sys_clk_mapping.h</Name>
        <Path dnOrder="1">Header&amp;#160;Files/framework/system/clk</Path>
      </File>
      <File dnOrder="22">
        <Name dnOrder="0">sys_int_mapping.h</Name>
        <Path dnOrder="1">Header&amp;#160;Files/framework/system/int</Path>
      </File>
      <File dnOrder="23">
        <Name dnOrder="0">osal_definitions.h</Name>
        <Path dnOrder="1">Header&amp;#160;Files/framework/osal</Path>
      </File>
      <File dnOrder="24">
        <Name dnOrder="0">sys_int_private.h</Name>
        <Path dnOrder="1">Header&amp;#160;Files/framework/system/int/src</Path>
      </File>
      <File dnOrder="25">
        <Name dnOrder="0">drv_i2c_local.h</Name>
        <Path dnOrder="1">Header&amp;#160;Files/framework/driver/i2c/src</Path>
      </File>
      <File dnOrder="26">
        <Name dnOrder="0">drv_tmr_compatibility.h</Name>
        <Path dnOrder="1">Header&amp;#160;Files/framework/driver/tmr</Path>
      </File>
      <File dnOrder="27">
        <Name dnOrder="0">system.h</Name>
        <Path dnOrder="1">Header&amp;#160;Files/framework/system</Path>
      </File>
      <File dnOrder="28">
        <Name dnOrder="0">drv_usart.h</Name>
        <Path dnOrder="1">Header&amp;#160;Files/framework/driver/usart</Path>
      </File>
      <File dnOrder="29">
        <Name dnOrder="0">sys_debug.h</Name>
        <Path dnOrder="1">Header&amp;#160;Files/framework/system/debug</Path>
      </File>
      <File dnOrder="30">
        <Name dnOrder="0">drv_i2c.h</Name>
        <Path dnOrder="1">Header&amp;#160;Files/framework/driver/i2c</Path>
      </File>
      <File dnOrder="31">
        <Name dnOrder="0">drv_usart_variant_mapping.h</Name>
        <Path dnOrder="1">Header&amp;#160;Files/framework/driver/usart/src</Path>
      </File>
      <File dnOrder="32">
        <Name dnOrder="0">sys_module.h</Name>
        <Path dnOrder="1">Header&amp;#160;Files/framework/system/common</Path>
      </File>
      <File dnOrder="33">
        <Name dnOrder="0">drv_i2c_mapping.h</Name>
        <Path dnOrder="1">Header&amp;#160;Files/framework/driver/i2c</Path>
      </File>
      <File dnOrder="34">
        <Name dnOrder="0">drv_i2c_device_pic32m.h</Name>
        <Path dnOrder="1">Header&amp;#160;Files/framework/driver/i2c</Path>
      </File>
      <File dnOrder="35">
        <Name dnOrder="0">drv_flash.h</Name>
        <Path dnOrder="1">Header&amp;#160;Files/framework/driver/flash</Path>
      </File>
      <File dnOrder="36">
        <Name dnOrder="0">sys_queue.h</Name>
        <Path dnOrder="1">Header&amp;#160;Files/framework/system/common</Path>
      </File>
      <File dnOrder="37">
        <Name dnOrder="0">sys_int.h</Name>
        <Path dnOrder="1">Header&amp;#160;Files/framework/system/int</Path>
      </File>
    </Files>
    <Templates dnOrder="1">
      <Template dnOrder="0">
        <Name dnOrder="0">sys_ports_static.c</Name>
        <Path dnOrder="1">Source&amp;#160;Files/app/system_config/default/framework/system/ports/src</Path>
        <Checksum dnOrder="2">ADA7D4982F133961F1A385C379DFA0F5</Checksum>
      </Template>
      <Template dnOrder="1">
        <Name dnOrder="0">drv_i2c_static_buffer_model.c</Name>
        <Path dnOrder="1">Source&amp;#160;Files/app/system_config/default/framework/driver/i2c/src</Path>
        <Checksum dnOrder="2">1480D3C18BFF8623CFD229290887034A</Checksum>
      </Template>
      <Template dnOrder="2">
        <Name dnOrder="0">drv_adc_static.h</Name>
        <Path dnOrder="1">Header&amp;#160;Files/app/system_config/default/framework/driver/adc</Path>
        <Checksum dnOrder="2">A7925619317B57BD13BCEF1293C11878</Checksum>
      </Template>
      <Template dnOrder="3">
        <Name dnOrder="0">app_dataio.h</Name>
        <Path dnOrder="1">Header&amp;#160;Files/app</Path>
        <Checksum dnOrder="2">9C798E28C511D2E204DDD44D059D186C</Checksum>
      </Template>
      <Template dnOrder="4">
        <Name dnOrder="0">sys_devcon_local.h</Name>
        <Path dnOrder="1">Header&amp;#160;Files/app/system_config/default/framework/system/devcon/src</Path>
        <Checksum dnOrder="2">B66F9B4DBD85DA7F9DE775E864E01395</Checksum>
      </Template>
      <Template dnOrder="5">
        <Name dnOrder="0">sys_devcon.h</Name>
        <Path dnOrder="1">Header&amp;#160;Files/app/system_config/default/framework/system/devcon</Path>
        <Checksum dnOrder="2">07580DCDEF89D9C79B062544109C5367</Checksum>
      </Template>
      <Template dnOrder="6">
        <Name dnOrder="0">app_uart.c</Name>
        <Path dnOrder="1">Source&amp;#160;Files/app</Path>
        <Checksum dnOrder="2">360FDDF0DD7783D9AE99F1DEA0DA7F13</Checksum>
      </Template>
      <Template dnOrder="7">
        <Name dnOrder="0">app_i2c.c</Name>
        <Path dnOrder="1">Source&amp;#160;Files/app</Path>
        <Checksum dnOrder="2">B18EE96CC198EE3C341FF31CD669E7B0</Checksum>
        <ProjectFileChecksum dnOrder="3">35810FA5E6170A2C436DE049304773BF</ProjectFileChecksum>
      </Template>
      <Template dnOrder="8">
        <Name dnOrder="0">system_init.c</Name>
        <Path dnOrder="1">Source&amp;#160;Files/app/system_config/default</Path>
        <Checksum dnOrder="2">F804F5673303EE1180378C81ED01DCDE</Checksum>
        <ProjectFileChecksum dnOrder="3">0A1A71B6D84B5FA160F7224C8643B365</ProjectFileChecksum>
      </Template>
      <Template dnOrder="9">
        <Name dnOrder="0">app_Driver_State_FSM.c</Name>
        <Path dnOrder="1">Source&amp;#160;Files/app</Path>
        <Checksum dnOrder="2">DDEE2F3DE4F72EF98AB3469D9E189C86</Checksum>
        <ProjectFileChecksum dnOrder="3">D050C93E22E5E5658653E4FE3AE48413</ProjectFileChecksum>
      </Template>
      <Template dnOrder="10">
        <Name dnOrder="0">main.c</Name>
        <Path dnOrder="1">Source&amp;#160;Files/app</Path>
        <Checksum dnOrder="2">81A51474D8A80D41AD749DEAE4C1A7A3</Checksum>
        <ProjectFileChecksum dnOrder="3">B8CDE796677AB8E853C7454F057821F1</ProjectFileChecksum>
      </Template>
      <Template dnOrder="11">
        <Name dnOrder="0">app_drv_btn.h</Name>
        <Path dnOrder="1">Header&amp;#160;Files/app</Path>
        <Checksum dnOrder="2">98343B64BE88065A282ED280621BDADB</Checksum>
        <ProjectFileChecksum dnOrder="3">D95E1BA4D7C152A3D56344A49BAE9B45</ProjectFileChecksum>
      </Template>
      <Template dnOrder="12">
        <Name dnOrder="0">app_can.c</Name>
        <Path dnOrder="1">Source&amp;#160;Files/app</Path>
        <Checksum dnOrder="2">B160A28BCEDCA02CA2D107A7DB33147D</Checksum>
        <ProjectFileChecksum dnOrder="3">C060DBFAB9EEB3B8719C8850D7B2E1AF</ProjectFileChecksum>
      </Template>
      <Template dnOrder="13">
        <Name dnOrder="0">system_definitions.h</Name>
        <Path dnOrder="1">Header&amp;#160;Files/app/system_config/default</Path>
        <Checksum dnOrder="2">5CBA09830F08141CDA795F850671AD47</Checksum>
      </Template>
      <Template dnOrder="14">
        <Name dnOrder="0">system_exceptions.c</Name>
        <Path dnOrder="1">Source&amp;#160;Files/app/system_config/default</Path>
        <Checksum dnOrder="2">9836A04F3E98D3971DB91DF539160F34</Checksum>
      </Template>
      <Template dnOrder="15">
        <Name dnOrder="0">app_flash.c</Name>
        <Path dnOrder="1">Source&amp;#160;Files/app</Path>
        <Checksum dnOrder="2">BDA85ECD7211918540D5D7772246E696</Checksum>
        <ProjectFileChecksum dnOrder="3">3BDDD90FD8219367779B34873D8AE14E</ProjectFileChecksum>
      </Template>
      <Template dnOrder="16">
        <Name dnOrder="0">drv_flash_static.h</Name>
        <Path dnOrder="1">Header&amp;#160;Files/app/system_config/default/framework/driver/flash</Path>
        <Checksum dnOrder="2">7612FC23AE86243D05F4B5B71DEEEAC8</Checksum>
      </Template>
      <Template dnOrder="17">
        <Name dnOrder="0">app_uart.h</Name>
        <Path dnOrder="1">Header&amp;#160;Files/app</Path>
        <Checksum dnOrder="2">E052A69D4C452899C248F537D94030F8</Checksum>
      </Template>
      <Template dnOrder="18">
        <Name dnOrder="0">sys_devcon_cache_pic32mz.S</Name>
        <Path dnOrder="1">Source&amp;#160;Files/app/system_config/default/framework/system/devcon/src</Path>
        <Checksum dnOrder="2">D0A9CCA1CA85BB1CE7364A5DE10CC07D</Checksum>
      </Template>
      <Template dnOrder="19">
        <Name dnOrder="0">drv_usart_static.h</Name>
        <Path dnOrder="1">Header&amp;#160;Files/app/system_config/default/framework/driver/usart</Path>
        <Checksum dnOrder="2">5CECAF42B01CE886D52A8868E39E7772</Checksum>
      </Template>
      <Template dnOrder="20">
        <Name dnOrder="0">sys_devcon_cache.h</Name>
        <Path dnOrder="1">Source&amp;#160;Files/app/system_config/default/framework/system/devcon/src</Path>
        <Checksum dnOrder="2">5EB0485AC07A8B25665195B960AFBE5B</Checksum>
      </Template>
      <Template dnOrder="21">
        <Name dnOrder="0">app_dataio.c</Name>
        <Path dnOrder="1">Source&amp;#160;Files/app</Path>
        <Checksum dnOrder="2">BE732FF87D9FB7BAF09B240FEB6437F6</Checksum>
        <ProjectFileChecksum dnOrder="3">C1DABC64AD49051EE46D7C24D897EC08</ProjectFileChecksum>
      </Template>
      <Template dnOrder="22">
        <Name dnOrder="0">app_drv_btn.c</Name>
        <Path dnOrder="1">Source&amp;#160;Files/app</Path>
        <Checksum dnOrder="2">743C7BDB059B378BC294FFC0711FAD53</Checksum>
        <ProjectFileChecksum dnOrder="3">CAFF07DB2A258F693B0BCFEFEBDFCAB4</ProjectFileChecksum>
      </Template>
      <Template dnOrder="23">
        <Name dnOrder="0">drv_can_static.h</Name>
        <Path dnOrder="1">Header&amp;#160;Files/app/system_config/default/framework/driver/can</Path>
        <Checksum dnOrder="2">D3F56B5AA587284969E8FA6426E77B30</Checksum>
      </Template>
      <Template dnOrder="24">
        <Name dnOrder="0">drv_tmr_static.h</Name>
        <Path dnOrder="1">Header&amp;#160;Files/app/system_config/default/framework/driver/tmr</Path>
        <Checksum dnOrder="2">E9C3112A6AE233C3096E30F2F81A273E</Checksum>
      </Template>
      <Template dnOrder="25">
        <Name dnOrder="0">drv_tmr_mapping.c</Name>
        <Path dnOrder="1">Source&amp;#160;Files/app/system_config/default/framework/driver/tmr/src</Path>
        <Checksum dnOrder="2">84EC844A8E2C391E068EA80BD6DEF41F</Checksum>
      </Template>
      <Template dnOrder="26">
        <Name dnOrder="0">drv_adc_static.c</Name>
        <Path dnOrder="1">Source&amp;#160;Files/app/system_config/default/framework/driver/adc/src</Path>
        <Checksum dnOrder="2">E5AF126B91DB08EFC737C0C8CCBDE40D</Checksum>
        <ProjectFileChecksum dnOrder="3">EE9E10513EE010B182A0BA05F74EF400</ProjectFileChecksum>
      </Template>
      <Template dnOrder="27">
        <Name dnOrder="0">app_flow.h</Name>
        <Path dnOrder="1">Header&amp;#160;Files/app</Path>
        <Checksum dnOrder="2">BEF28C39E22AB80F943838A56EB7A506</Checksum>
        <ProjectFileChecksum dnOrder="3">9D2ED86DC5413C44600FA5EA78C0D42C</ProjectFileChecksum>
      </Template>
      <Template dnOrder="28">
        <Name dnOrder="0">drv_usart_mapping.c</Name>
        <Path dnOrder="1">Source&amp;#160;Files/app/system_config/default/framework/driver/usart/src</Path>
        <Checksum dnOrder="2">9CD3E662EEA539EA00ABC2635EFAB393</Checksum>
      </Template>
      <Template dnOrder="29">
        <Name dnOrder="0">drv_can_mapping.c</Name>
        <Path dnOrder="1">Source&amp;#160;Files/app/system_config/default/framework/driver/can/src</Path>
        <Checksum dnOrder="2">2B147795224B5A9A1995555189288D1A</Checksum>
      </Template>
      <Template dnOrder="30">
        <Name dnOrder="0">drv_usart_static_byte_model.c</Name>
        <Path dnOrder="1">Source&amp;#160;Files/app/system_config/default/framework/driver/usart/src</Path>
        <Checksum dnOrder="2">89F74A34367F033B72BD3022FF1F60F3</Checksum>
      </Template>
      <Template dnOrder="31">
        <Name dnOrder="0">drv_can_static.c</Name>
        <Path dnOrder="1">Source&amp;#160;Files/app/system_config/default/framework/driver/can/src</Path>
        <Checksum dnOrder="2">C09A4B54C58F6A92D7492DC0F7341E1D</Checksum>
      </Template>
      <Template dnOrder="32">
        <Name dnOrder="0">system_interrupt.c</Name>
        <Path dnOrder="1">Source&amp;#160;Files/app/system_config/default</Path>
        <Checksum dnOrder="2">E6B9D817869B9501D0C19C56C98E0F47</Checksum>
        <ProjectFileChecksum dnOrder="3">84775FF977E66BE6531426C4EE65FD96</ProjectFileChecksum>
      </Template>
      <Template dnOrder="33">
        <Name dnOrder="0">drv_flash_static.c</Name>
        <Path dnOrder="1">Source&amp;#160;Files/app/system_config/default/framework/driver/flash/src</Path>
        <Checksum dnOrder="2">BBDC83597F25F136BD530D7F95BEE7F2</Checksum>
      </Template>
      <Template dnOrder="34">
        <Name dnOrder="0">app_Driver_State_FSM.h</Name>
        <Path dnOrder="1">Header&amp;#160;Files/app</Path>
        <Checksum dnOrder="2">08F49AECBDD37C26A1808DDA686586F0</Checksum>
        <ProjectFileChecksum dnOrder="3">71FF35A3BB61EB47B2F509A29A5D25F5</ProjectFileChecksum>
      </Template>
      <Template dnOrder="35">
        <Name dnOrder="0">drv_usart_static.c</Name>
        <Path dnOrder="1">Source&amp;#160;Files/app/system_config/default/framework/driver/usart/src</Path>
        <Checksum dnOrder="2">60093683F85569CFA9696CDB46C89CF2</Checksum>
      </Template>
      <Template dnOrder="36">
        <Name dnOrder="0">app_i2c.h</Name>
        <Path dnOrder="1">Header&amp;#160;Files/app</Path>
        <Checksum dnOrder="2">FFB6C2DBCFE35D9EBA47DC8306C29DDE</Checksum>
        <ProjectFileChecksum dnOrder="3">655C3D0EEADA4763311435DFEA598DCC</ProjectFileChecksum>
      </Template>
      <Template dnOrder="37">
        <Name dnOrder="0">app_can.h</Name>
        <Path dnOrder="1">Header&amp;#160;Files/app</Path>
        <Checksum dnOrder="2">F936619D8BD7D821AC57401658F4BEBD</Checksum>
        <ProjectFileChecksum dnOrder="3">FC689C79E752BF2C35BC94214C03AA3D</ProjectFileChecksum>
      </Template>
      <Template dnOrder="38">
        <Name dnOrder="0">app_flash.h</Name>
        <Path dnOrder="1">Header&amp;#160;Files/app</Path>
        <Checksum dnOrder="2">720AA9D8CD2F44189F8DCEDCACC6D751</Checksum>
        <ProjectFileChecksum dnOrder="3">E11DE3498732A2E1626E4DA60F0D718B</ProjectFileChecksum>
      </Template>
      <Template dnOrder="39">
        <Name dnOrder="0">sys_devcon.c</Name>
        <Path dnOrder="1">Source&amp;#160;Files/app/system_config/default/framework/system/devcon/src</Path>
        <Checksum dnOrder="2">54ADBD4A35BCA03C42C74182FCE41849</Checksum>
      </Template>
      <Template dnOrder="40">
        <Name dnOrder="0">drv_i2c_static_buffer_model.h</Name>
        <Path dnOrder="1">Header&amp;#160;Files/app/system_config/default/framework/driver/i2c</Path>
        <Checksum dnOrder="2">960C81364707EBD7F58A98E66A4B2745</Checksum>
      </Template>
      <Template dnOrder="41">
        <Name dnOrder="0">sys_devcon_pic32mz.c</Name>
        <Path dnOrder="1">Source&amp;#160;Files/app/system_config/default/framework/system/devcon/src</Path>
        <Checksum dnOrder="2">D011F212E6410A0C92087C188E1F60AF</Checksum>
      </Template>
      <Template dnOrder="42">
        <Name dnOrder="0">system_tasks.c</Name>
        <Path dnOrder="1">Source&amp;#160;Files/app/system_config/default</Path>
        <Checksum dnOrder="2">47DEBF9B5E3A3A25B50E21F079532379</Checksum>
      </Template>
      <Template dnOrder="43">
        <Name dnOrder="0">system_config.h</Name>
        <Path dnOrder="1">Header&amp;#160;Files/app/system_config/default</Path>
        <Checksum dnOrder="2">1A3BC81F4F5D775D993397F0DBAB5878</Checksum>
      </Template>
      <Template dnOrder="44">
        <Name dnOrder="0">drv_tmr_static.c</Name>
        <Path dnOrder="1">Source&amp;#160;Files/app/system_config/default/framework/driver/tmr/src</Path>
        <Checksum dnOrder="2">5E6BDFF4129E7B11C69597A5A176591E</Checksum>
      </Template>
      <Template dnOrder="45">
        <Name dnOrder="0">drv_i2c_mapping.c</Name>
        <Path dnOrder="1">Source&amp;#160;Files/app/system_config/default/framework/driver/i2c/src</Path>
        <Checksum dnOrder="2">E1044098D8EA50DFF2E94B5E060B5160</Checksum>
      </Template>
      <Template dnOrder="46">
        <Name dnOrder="0">app_flow.c</Name>
        <Path dnOrder="1">Source&amp;#160;Files/app</Path>
        <Checksum dnOrder="2">C74C8193476C8906378F36C7FD1D7BC6</Checksum>
        <ProjectFileChecksum dnOrder="3">72CFE5D68CBF542A49AEF74E97CE3095</ProjectFileChecksum>
      </Template>
      <Template dnOrder="47">
        <Name dnOrder="0">sys_clk_pic32mz.c</Name>
        <Path dnOrder="1">Source&amp;#160;Files/app/system_config/default/framework/system/clk/src</Path>
        <Checksum dnOrder="2">CC45A61DC821F2A45FBFD5EB0F76DD59</Checksum>
      </Template>
      <Template dnOrder="48">
        <Name dnOrder="0">drv_usart_static_local.h</Name>
        <Path dnOrder="1">Header&amp;#160;Files/app/system_config/default/framework/driver/usart/src</Path>
        <Checksum dnOrder="2">9563F23392942CF4B5C01E1065907D06</Checksum>
      </Template>
    </Templates>
    <CompilerItems dnOrder="2">
      <C32 dnOrder="0">
        <Include dnOrder="0" value="C:\Users\h1114\Desktop\TSIPCBFirmware\firmware\src"/>
        <Include dnOrder="1" value="C:\Users\h1114\Desktop\TSIPCBFirmware\firmware\src\system_config\default"/>
        <Include dnOrder="2" value="C:\Users\h1114\Desktop\TSIPCBFirmware\firmware\src\default"/>
        <Include dnOrder="3" value="C:\microchip\harmony\v2_06\framework"/>
        <Include dnOrder="4" value="C:\Users\h1114\Desktop\TSIPCBFirmware\firmware\src\system_config\default\framework"/>
      </C32>
    </CompilerItems>
    <Libraries dnOrder="3">
      <Library dnOrder="0" value="../../../../../../microchip/harmony/v2_06/bin/framework/peripheral/PIC32MZ2048EFM064_peripherals.a"/>
    </Libraries>
  </Manifest>
</Configuration>
